Workbook

Sheet Export Summary
B3: This document was exported from Numbers. Each table was converted to an Excel worksheet. All other objects on each Numbers sheet were placed on separate worksheets. Please be aware that formula calculations may differ in Excel.
B7: Numbers Sheet Name | C7: Numbers Table Name | D7: Excel Worksheet Name
B9: Projects
C10: projects-export-2025-12-17 | D10: Projects - projects-export-2025
B11: Dashboard
C12: Table 1 | D12: Dashboard

Sheet Projects - projects-export-2025
A1: projects-export-2025-12-17
A2: Name | B2: Phase | C2: Cost | D2: Effort | E2: Benefit | F2: Start Date | G2: End Date | H2: NMS Date | I2: Health | J2: Project Days | K2: Daily $ | L2: Daily Effort | M2: Filter Start | N2: Filter End | O2: Filter Days | P2: Filter $ | Q2: Filter Effort
A3: SEL 2025 | B3: Delivery | C3: 40000 | D3: 800 | E3: 0 | F3: 45658 | G3: 46022 | I3: Healthy | J3: {=G3-F3+1} -> 365 | K3: {=C3/J3} -> 109.58904 | L3: {=D3/J3} -> 2.1917808 | M3: {=IF(F3>Dashboard!$B$3,F3,Dashboard!$B$3)} -> 45748 | N3: {=IF(G3<Dashboard!$C$3,G3,Dashboard!$C$3)} -> 45838 | O3: {=MAX(0,(N3-M3+1))} -> 91 | P3: {=K3*O3} -> 9972.6027 | Q3: {=L3*O3} -> 199.45205
A4: 2025 Existing Program #1 | B4: Delivery | C4: 50000 | D4: 1000 | E4: 0 | F4: 45658 | G4: 46022 | I4: Healthy | J4: {=G4-F4+1} -> 365 | K4: {=C4/J4} -> 136.9863 | L4: {=D4/J4} -> 2.739726 | M4: {=IF(F4>Dashboard!$B$3,F4,Dashboard!$B$3)} -> 45748 | N4: {=IF(G4<Dashboard!$C$3,G4,Dashboard!$C$3)} -> 45838 | O4: {=MAX(0,(N4-M4+1))} -> 91 | P4: {=K4*O4} -> 12465.753 | Q4: {=L4*O4} -> 249.31507
A5: GNB Audit | B5: Delivery | C5: 20000 | D5: 300 | E5: 0 | F5: 45658 | G5: 45838 | H5: 2025-24-01 | I5: Caution | J5: {=G5-F5+1} -> 181 | K5: {=C5/J5} -> 110.49724 | L5: {=D5/J5} -> 1.6574586 | M5: {=IF(F5>Dashboard!$B$3,F5,Dashboard!$B$3)} -> 45748 | N5: {=IF(G5<Dashboard!$C$3,G5,Dashboard!$C$3)} -> 45838 | O5: {=MAX(0,(N5-M5+1))} -> 91 | P5: {=K5*O5} -> 10055.249 | Q5: {=L5*O5} -> 150.82873
A6: Priority Pilot | B6: Delivery | C6: 5000 | D6: 100 | E6: 80 | F6: 45726 | G6: 45789 | H6: 2025-15-04 | I6: Healthy | J6: {=G6-F6+1} -> 64 | K6: {=C6/J6} -> 78.125 | L6: {=D6/J6} -> 1.5625 | M6: {=IF(F6>Dashboard!$B$3,F6,Dashboard!$B$3)} -> 45748 | N6: {=IF(G6<Dashboard!$C$3,G6,Dashboard!$C$3)} -> 45789 | O6: {=MAX(0,(N6-M6+1))} -> 42 | P6: {=K6*O6} -> 3281.25 | Q6: {=L6*O6} -> 65.625
A7: Fundraising25 | B7: Delivery | C7: 20000 | D7: 300 | E7: 100000 | F7: 45658 | G7: 46022 | I7: Danger | J7: {=G7-F7+1} -> 365 | K7: {=C7/J7} -> 54.794521 | L7: {=D7/J7} -> 0.82191781 | M7: {=IF(F7>Dashboard!$B$3,F7,Dashboard!$B$3)} -> 45748 | N7: {=IF(G7<Dashboard!$C$3,G7,Dashboard!$C$3)} -> 45838 | O7: {=MAX(0,(N7-M7+1))} -> 91 | P7: {=K7*O7} -> 4986.3014 | Q7: {=L7*O7} -> 74.794521
A8: School Support Program 25 | B8: Delivery | C8: 98000 | D8: 2400 | E8: 0 | F8: 45658 | G8: 46022 | I8: Healthy | J8: {=G8-F8+1} -> 365 | K8: {=C8/J8} -> 268.49315 | L8: {=D8/J8} -> 6.5753425 | M8: {=IF(F8>Dashboard!$B$3,F8,Dashboard!$B$3)} -> 45748 | N8: {=IF(G8<Dashboard!$C$3,G8,Dashboard!$C$3)} -> 45838 | O8: {=MAX(0,(N8-M8+1))} -> 91 | P8: {=K8*O8} -> 24432.877 | Q8: {=L8*O8} -> 598.35616
A9: RISK1 | B9: Delivery | C9: 5000 | D9: 100 | E9: 0 | F9: 45658 | G9: 46022 | H9: 2025-31-03 | J9: {=G9-F9+1} -> 365 | K9: {=C9/J9} -> 13.69863 | L9: {=D9/J9} -> 0.2739726 | M9: {=IF(F9>Dashboard!$B$3,F9,Dashboard!$B$3)} -> 45748 | N9: {=IF(G9<Dashboard!$C$3,G9,Dashboard!$C$3)} -> 45838 | O9: {=MAX(0,(N9-M9+1))} -> 91 | P9: {=K9*O9} -> 1246.5753 | Q9: {=L9*O9} -> 24.931507
A10: 2025 Admin | B10: Delivery | C10: 40000 | D10: 1000 | E10: 0 | F10: 45658 | G10: 46022 | I10: Healthy | J10: {=G10-F10+1} -> 365 | K10: {=C10/J10} -> 109.58904 | L10: {=D10/J10} -> 2.739726 | M10: {=IF(F10>Dashboard!$B$3,F10,Dashboard!$B$3)} -> 45748 | N10: {=IF(G10<Dashboard!$C$3,G10,Dashboard!$C$3)} -> 45838 | O10: {=MAX(0,(N10-M10+1))} -> 91 | P10: {=K10*O10} -> 9972.6027 | Q10: {=L10*O10} -> 249.31507
A11: Digital Donor | B11: Delivery | C11: 250000 | D11: 1500 | F11: 45474 | G11: 45808 | J11: {=G11-F11+1} -> 335 | K11: {=C11/J11} -> 746.26866 | L11: {=D11/J11} -> 4.4776119 | M11: {=IF(F11>Dashboard!$B$3,F11,Dashboard!$B$3)} -> 45748 | N11: {=IF(G11<Dashboard!$C$3,G11,Dashboard!$C$3)} -> 45808 | O11: {=MAX(0,(N11-M11+1))} -> 61 | P11: {=K11*O11} -> 45522.388 | Q11: {=L11*O11} -> 273.13433
M12: {=IF(F12<Dashboard!$B$3,F12,Dashboard!$B$3)} -> 0 | N12: {=IF(G12<Dashboard!$C$3,G12,Dashboard!$C$3)} -> 0 | P12: {=SUM(P3:P11)} -> 121935.6 | Q12: {=SUM(Q3:Q11)} -> 1885.7524
J13: {=G13-F13+1} -> 1 | K13: {=C13/J13} -> 0 | L13: {=D13/J13} -> 0 | M13: {=IF(F13<Dashboard!$B$3,F13,Dashboard!$B$3)} -> 0 | N13: {=IF(G13<Dashboard!$C$3,G13,Dashboard!$C$3)} -> 0
A14: Seniors Conference 2025 | B14: Discovery | C14: 10000 | D14: 250 | E14: 0 | F14: 45771 | G14: 45859 | H14: 2025-21-04 | I14: Healthy | J14: {=G14-F14+1} -> 89 | K14: {=C14/J14} -> 112.35955 | L14: {=D14/J14} -> 2.8089888 | M14: {=IF(F14>Dashboard!$B$3,F14,Dashboard!$B$3)} -> 45771 | N14: {=IF(G14<Dashboard!$C$3,G14,Dashboard!$C$3)} -> 45838 | O14: {=MAX(0,(N14-M14+1))} -> 68 | P14: {=K14*O14} -> 7640.4494 | Q14: {=L14*O14} -> 191.01124
A15: Youth Community | B15: Discovery | C15: 60000 | D15: 1800 | F15: 45726 | G15: 46203 | J15: {=G15-F15+1} -> 478 | K15: {=C15/J15} -> 125.52301 | L15: {=D15/J15} -> 3.7656904 | M15: {=IF(F15>Dashboard!$B$3,F15,Dashboard!$B$3)} -> 45748 | N15: {=IF(G15<Dashboard!$C$3,G15,Dashboard!$C$3)} -> 45838 | O15: {=MAX(0,(N15-M15+1))} -> 91 | P15: {=K15*O15} -> 11422.594 | Q15: {=L15*O15} -> 342.67782
J16: {=G16-F16+1} -> 1 | K16: {=C16/J16} -> 0 | L16: {=D16/J16} -> 0 | M16: {=IF(F16<Dashboard!$B$3,F16,Dashboard!$B$3)} -> 0 | N16: {=IF(G16<Dashboard!$C$3,G16,Dashboard!$C$3)} -> 0 | O16: {=SUM(O14)} -> 68 | P16: {=SUM(P14:P15)} -> 19063.044 | Q16: {=SUM(Q14:Q15)} -> 533.68906
J17: {=G17-F17+1} -> 1 | K17: {=C17/J17} -> 0 | L17: {=D17/J17} -> 0 | M17: {=IF(F17<Dashboard!$B$3,F17,Dashboard!$B$3)} -> 0 | N17: {=IF(G17<Dashboard!$C$3,G17,Dashboard!$C$3)} -> 0
A18: Close Books for FY24 | B18: Done | C18: 30000 | D18: 200 | E18: 0 | F18: 45670 | G18: 45716 | I18: Healthy | J18: {=G18-F18+1} -> 47 | K18: {=C18/J18} -> 638.29787 | L18: {=D18/J18} -> 4.2553191 | M18: {=IF(F18>Dashboard!$B$3,F18,Dashboard!$B$3)} -> 45748 | N18: {=IF(G18<Dashboard!$C$3,G18,Dashboard!$C$3)} -> 45716 | O18: {=MAX(0,(N18-M18+1))} -> 0 | P18: {=K18*O18} -> 0 | Q18: {=L18*O18} -> 0
A19: ACGP Funding | B19: Done | C19: 15000 | D19: 250 | F19: 45566 | G19: 45764 | I19: Healthy | J19: {=G19-F19+1} -> 199 | K19: {=C19/J19} -> 75.376884 | L19: {=D19/J19} -> 1.2562814 | M19: {=IF(F19>Dashboard!$B$3,F19,Dashboard!$B$3)} -> 45748 | N19: {=IF(G19<Dashboard!$C$3,G19,Dashboard!$C$3)} -> 45764 | O19: {=MAX(0,(N19-M19+1))} -> 17 | P19: {=K19*O19} -> 1281.407 | Q19: {=L19*O19} -> 21.356784
M20: {=IF(F20<Dashboard!$B$3,F20,Dashboard!$B$3)} -> 0 | N20: {=IF(G20<Dashboard!$C$3,G20,Dashboard!$C$3)} -> 0 | O20: =SUM(O18:O19) -> 17 | P20: =SUM(P18:P19) -> 1281.407 | Q20: =SUM(Q18:Q19) -> 21.356784
M21: {=IF(F21<Dashboard!$B$3,F21,Dashboard!$B$3)} -> 0 | N21: {=IF(G21<Dashboard!$C$3,G21,Dashboard!$C$3)} -> 0
A22: AGM2025 | B22: Planning | C22: 5000 | D22: 100 | E22: 0 | F22: 45887 | G22: 45930 | H22: 2025-24-09 | J22: {=G22-F22+1} -> 44 | K22: {=C22/J22} -> 113.63636 | L22: {=D22/J22} -> 2.2727273 | M22: {=IF(F22>Dashboard!$B$3,F22,Dashboard!$B$3)} -> 45887 | N22: {=IF(G22<Dashboard!$C$3,G22,Dashboard!$C$3)} -> 45838 | O22: {=MAX(0,(N22-M22+1))} -> 0 | P22: {=K22*O22} -> 0 | Q22: {=L22*O22} -> 0
A23: New Women's Program | B23: Planning | C23: 30000 | D23: 800 | E23: 0 | F23: 45839 | G23: 46022 | H23: 2025-24-06 | J23: {=G23-F23+1} -> 184 | K23: {=C23/J23} -> 163.04348 | L23: {=D23/J23} -> 4.3478261 | M23: {=IF(F23>Dashboard!$B$3,F23,Dashboard!$B$3)} -> 45839 | N23: {=IF(G23<Dashboard!$C$3,G23,Dashboard!$C$3)} -> 45838 | O23: {=MAX(0,(N23-M23+1))} -> 0 | P23: {=K23*O23} -> 0 | Q23: {=L23*O23} -> 0
A24: Strat Plan 2030 | B24: Planning | C24: 10000 | D24: 500 | E24: 0 | F24: 45809 | G24: 45900 | J24: {=G24-F24+1} -> 92 | K24: {=C24/J24} -> 108.69565 | L24: {=D24/J24} -> 5.4347826 | M24: {=IF(F24>Dashboard!$B$3,F24,Dashboard!$B$3)} -> 45809 | N24: {=IF(G24<Dashboard!$C$3,G24,Dashboard!$C$3)} -> 45838 | O24: {=MAX(0,(N24-M24+1))} -> 30 | P24: {=K24*O24} -> 3260.8696 | Q24: {=L24*O24} -> 163.04348
A25: Youth Conference 2025 | B25: Planning | C25: 10000 | D25: 250 | E25: 0 | F25: 45791 | G25: 45838 | H25: 2025-10-07 | J25: {=G25-F25+1} -> 48 | K25: {=C25/J25} -> 208.33333 | L25: {=D25/J25} -> 5.2083333 | M25: {=IF(F25>Dashboard!$B$3,F25,Dashboard!$B$3)} -> 45791 | N25: {=IF(G25<Dashboard!$C$3,G25,Dashboard!$C$3)} -> 45838 | O25: {=MAX(0,(N25-M25+1))} -> 48 | P25: {=K25*O25} -> 10000 | Q25: {=L25*O25} -> 250
M26: {=IF(F26<Dashboard!$B$3,F26,Dashboard!$B$3)} -> 0 | N26: {=IF(G26<Dashboard!$C$3,G26,Dashboard!$C$3)} -> 0 | O26: {=SUM(O22:O25)} -> 78 | P26: {=SUM(P22:P25)} -> 13260.87 | Q26: {=SUM(Q22:Q25)} -> 413.04348

Sheet Dashboard
A1: Table 1
B2: Start | C2: End | D2: Number of Days | E2: Default Annual Cost | F2: Calc Budget | G2: $USED | H2: $ left | I2: Default Effort | J2: Effort Used | K2: Calculated BGT Effort | L2: Effort Left | M2: %Cost | N2: %Effort
A3: Dashboard Totals | B3: 45748 | C3: 45838 | D3: {=C3-B3+1} -> 91 | E3: 350000 | F3: {=E3/365*D3} -> 87260.274 | G3: {=C11} -> 155540.92 | H3: {=F3-C11} -> -68280.645 | I3: 15000 | J3: {=D11} -> 2853.8418 | K3: {=I3/365*D3} -> 3739.726 | L3: {=I3-K3} -> 11260.274 | M3: {=C11/F3} -> 1.7824941 | N3: {=D11/I3} -> 0.19025612
B5: Inititalives | C5: Cost | D5: Effort
A6: Planning | B6: {=COUNTIF('Projects - projects-export-2025'!Q22:Q25,">0")} -> 2 | C6: {='Projects - projects-export-2025'!P26} -> 13260.87 | D6: {='Projects - projects-export-2025'!Q26} -> 413.04348
A7: Discovery | B7: {=COUNTIF('Projects - projects-export-2025'!Q14:Q15,">0")} -> 2 | C7: {='Projects - projects-export-2025'!P16} -> 19063.044 | D7: {='Projects - projects-export-2025'!Q16} -> 533.68906
A8: Delivery | B8: {=COUNTIF('Projects - projects-export-2025'!Q3:Q11,">0")} -> 9 | C8: {='Projects - projects-export-2025'!P12} -> 121935.6 | D8: {='Projects - projects-export-2025'!Q12} -> 1885.7524
A9: Done | B9: =COUNTIF('Projects - projects-export-2025'!Q18:Q19,">0") -> 1 | C9: {='Projects - projects-export-2025'!P20} -> 1281.407 | D9: {='Projects - projects-export-2025'!Q20} -> 21.356784
A11: Total Used | C11: {=SUM(C6:C9)} -> 155540.92 | D11: {=SUM(D6:D9)} -> 2853.8418
